index,value
"(0,)",(-0.19604568009203244+3.5080713611026733j)
"(1,)",(-12.284753545075123+3.5841055910610464j)
"(2,)",(3.079849999718282+1.29369606414514j)
"(3,)",(-0.293732929419533+3.9386100807144455j)
"(4,)",(-4.204054226662725-9.249825253144659j)
"(5,)",(9.535415746057788+12.411617475713866j)
"(6,)",(15.636061189842298+5.563389116662567j)
"(7,)",(-3.814413991805323+2.856811108301505j)
"(8,)",(3.862997879689714-1.6607122887088863j)
"(9,)",(-6.842590225040293-0.42804366593716114j)
